Drug1,Drug2,Prob
DB00939,C0233472,0.5
DB00177,C0027947,0.5
DB00813,C1457883,0.5
DB00458,C0233471,0.5
DB00619,C0020503,0.5
DB00743,C3257803,0.5
DB00619,C0151602,0.5
DB00246,C0021177,0.5
DB00476,C0021177,0.5
DB06700,C2937350,0.5
DB01217,C0028081,0.5
DB04868,C0855242,0.5
DB00583,C0085628,0.5
DB01024,C0868908,0.5
DB00476,C0541798,0.5
DB01059,C0232462,0.5
DB00911,C0240327,0.5
DB01041,C0151905,0.5
DB00531,C3248383,0.5
DB00177,C0026858,0.5
DB00014,C0036130,0.5
DB00887,C0027947,0.5
DB00207,C0151878,0.5
DB00736,C0239295,0.5
DB01393,C0231218,0.5
DB00915,C0233472,0.5
DB08815,C0085636,0.5
DB01024,C0151596,0.5
DB08947,C0036973,0.5
DB01586,C0151689,0.5
DB00996,C0424000,0.5
DB00586,C0392676,0.5
DB00924,C0012569,0.5
DB01004,C0677500,0.5
DB06202,C0006852,0.5
DB08815,C0541941,0.5
DB01083,C0015663,0.5
DB01181,C1720775,0.5
DB00537,C1096274,0.5
DB00569,C0027947,0.5
DB06809,C1457883,0.5
DB00899,C0855242,0.5
DB00204,C0520962,0.5
DB00900,C0235266,0.5
DB01586,C0340865,0.5
DB04876,C0041912,0.5
DB00412,C0085649,0.5
DB00531,C0344232,0.5
DB00619,C0233477,0.5
DB01193,C0344232,0.5
DB01196,C1443060,0.5
DB00569,C0233471,0.5
DB01041,C0438142,0.5
DB00582,C0027947,0.5
DB06261,C0020522,0.5
DB00251,C0855242,0.5
DB01136,C0027947,0.5
DB00768,C0015663,0.5
DB00665,C0151576,0.5
DB00398,C1323189,0.5
DB00915,C0853225,0.5
DB00246,C0236075,0.5
DB06809,C0852733,0.5
DB01216,C0344315,0.5
DB00722,C0151599,0.5
DB00422,C0151578,0.5
DB00275,C0035243,0.4762
DB00678,C0035243,0.4762
DB00213,C0027947,0.4667
DB13919,C0542571,0.4667
DB00275,C0542571,0.4667
DB08896,C0239981,0.4667
DB00268,C0920289,0.4667
DB13868,C0029445,0.4667
DB06717,C0027947,0.4667
DB00448,C0005940,0.4286
DB00338,C0005940,0.4286
DB00619,C0549475,0.4286
DB01129,C0005940,0.4286
DB00218,C0314719,0.4
DB04868,C0151603,0.4
DB00788,C0009946,0.4
DB00622,C0015397,0.4
DB01196,C0233471,0.4
DB00531,C0151686,0.4
DB00398,C0008370,0.4
DB00583,C0542571,0.4
DB00543,C0028084,0.4
DB00938,C0041912,0.4
DB00869,C0010200,0.4
DB01250,C0020453,0.4
DB01217,C0151908,0.4
DB00964,C0152517,0.4
DB00285,C0233414,0.4
DB06795,C0085649,0.4
DB00684,C0234913,0.4
DB00316,C0085606,0.4
DB00681,C0750857,0.4
DB00213,C0852911,0.4
DB00458,C0233494,0.4
DB01181,C0424605,0.4
DB00379,C0003467,0.4
DB00273,C0022281,0.4
DB00978,C0042023,0.4
DB00193,C0151689,0.4
DB00619,C0013609,0.4
DB00934,C0265110,0.4
DB00928,C0235710,0.4
DB00341,C0232487,0.4
DB01264,C0232487,0.4
DB00583,C0023052,0.4
DB00768,C0877046,0.4
DB00620,C0332534,0.4
DB00586,C0007971,0.4
DB08815,C0038663,0.4
DB08910,C0027441,0.4
DB00768,C0027438,0.4
DB00783,C0151689,0.4
DB00244,C0008311,0.4
DB00678,C0027947,0.4
DB00934,C0007820,0.4
DB01039,C0020517,0.4
DB01046,C0677500,0.4
DB13867,C0332534,0.4
DB01590,C0750857,0.4
DB00186,C0234215,0.4
DB00619,C0085606,0.4
DB05676,C0035455,0.4
DB00528,C0015397,0.4
DB01202,C3665347,0.4
DB00978,C0085612,0.4
DB00338,C0340865,0.4
DB00575,C0233472,0.4
DB08947,C0237849,0.4
DB00214,C0041912,0.4
DB00978,C0085606,0.4
DB00316,C0042023,0.4
DB00776,C1971624,0.4
DB00915,C0012569,0.4
DB01024,C0349790,0.4
DB00341,C0235309,0.4
DB12403,C0020580,0.4
DB01062,C0239134,0.4
DB00857,C0235309,0.4
DB01217,C0029453,0.4
DB00864,C0234458,0.4
DB00337,C0085624,0.4
DB12091,C0020578,0.4
DB00244,C0080274,0.4
DB01393,C0151578,0.4
DB06215,C0023066,0.4
DB08910,C0035455,0.4
DB01215,C0236075,0.4
DB00864,C0037317,0.4
DB00869,C0003862,0.4
DB01189,C0267941,0.4
DB01242,C1971624,0.4
DB01211,C1457883,0.4
DB01393,C0700225,0.4
DB01004,C0036454,0.4
DB00332,C0152032,0.4
DB00379,C0085271,0.4
DB09487,C0006266,0.4
DB00996,C0854113,0.4
DB06215,C0020580,0.4
DB00899,C0549622,0.4
DB00656,C0852733,0.4
DB01610,C0036454,0.4
DB00964,C0233472,0.4
DB00619,C0235437,0.4
DB04946,C0035455,0.4
DB01024,C0270996,0.4
DB00297,C0020639,0.4
DB00373,C0314719,0.4
DB00324,C0030332,0.4
DB04868,C0497156,0.4
DB00904,C0231274,0.4
DB01006,C0019557,0.4
DB00337,C1291077,0.4
DB00575,C0085606,0.4
DB06699,C0854113,0.4
DB01059,C0852733,0.4
DB01043,C0233414,0.4
DB00324,C0009763,0.4
DB00669,C0392197,0.4
DB00586,C0233773,0.4
DB00363,C0235309,0.4
DB01217,C0016382,0.4
DB01215,C0424296,0.4
DB00619,C0028734,0.4
DB00213,C0151849,0.4
DB08947,C1291077,0.4
DB00996,C0041912,0.4
DB00575,C0080274,0.4
DB00575,C0035455,0.4
DB01083,C1457883,0.4
DB00715,C0267941,0.4
DB00966,C0027947,0.4
DB12403,C0085624,0.4
DB00776,C0233407,0.4
DB00869,C1260880,0.4
DB00564,C0877055,0.4
DB00915,C0234632,0.4
DB00938,C0027441,0.4
DB01393,C0009763,0.4
DB00658,C0085649,0.4
DB00244,C0151578,0.4
DB00297,C0001925,0.4
DB11750,C0677500,0.4
DB01059,C0151636,0.4
DB01242,C0038362,0.4
DB00776,C0151849,0.4
DB00986,C2129214,0.4
DB01196,C0021177,0.4
DB00625,C0009946,0.4
DB08893,C0235266,0.4
DB09487,C0023066,0.4
DB06717,C1291078,0.4
DB08815,C0424000,0.4
DB00313,C0151603,0.4
DB00776,C0438717,0.4
DB01319,C0232487,0.4
DB00795,C0030554,0.4
DB00246,C0151907,0.4
DB00213,C0340865,0.4
DB00978,C0151636,0.4
DB01059,C0853089,0.4
DB00186,C0700361,0.4
DB01233,C0028084,0.4
DB00656,C0234022,0.4
DB01202,C0085636,0.4
DB00246,C0235266,0.4
DB00869,C0232487,0.4
DB00458,C0233414,0.4
DB00641,C0151798,0.381
DB00904,C0520888,0.381
DB04868,C0271051,0.381
DB00480,C0022890,0.381
DB00857,C0494559,0.381
DB00227,C0206062,0.381
DB00619,C0019209,0.381
DB00641,C0520463,0.381
DB01267,C0520887,0.381
DB00619,C0232487,0.381
DB04868,C0014724,0.381
DB00480,C0494559,0.381
DB00175,C0206062,0.381
DB00857,C0022890,0.381
DB01217,C0008035,0.3571
DB01217,C0030196,0.3571
DB01217,C0231218,0.3571
DB01217,C0854069,0.3571
DB05015,C0232492,0.3333
DB00605,C0549447,0.3333
DB06698,C0687713,0.3333
DB00313,C0024894,0.3333
DB01004,C0740399,0.3333
DB00857,C2242996,0.3333
DB01189,C0392163,0.3333
DB01224,C0549622,0.3333
DB00489,C0338831,0.3333
DB00996,C0231919,0.3333
DB00747,C0344232,0.3333
DB00412,C3665386,0.3333
DB01242,C0151736,0.3333
DB08826,C0239571,0.3333
DB00958,C0029877,0.3333
DB00654,C0423006,0.3333
DB00537,C0236068,0.3333
DB00949,C0232487,0.3333
DB04953,C0005694,0.3333
DB08875,C2267227,0.3333
DB01043,C1168225,0.3333
DB06204,C0340865,0.3333
DB00307,C0241729,0.3333
DB00198,C0338831,0.3333
DB01009,C0013144,0.3333
DB09076,C0035455,0.3333
DB00783,C0080274,0.3333
DB00175,C0005741,0.3333
DB00740,C0021053,0.3333
DB00808,C0151599,0.3333
DB00316,C0152032,0.3333
DB01222,C0542101,0.3333
DB01182,C0332534,0.3333
DB04485,C0020517,0.3333
DB01215,C0233414,0.3333
DB01189,C0085649,0.3333
DB00586,C0694575,0.3333
DB01186,C0700184,0.3333
DB01101,C0265031,0.3333
DB00246,C0233472,0.3333
DB05109,C0743680,0.3333
DB00882,C1443060,0.3333
DB00284,C0151664,0.3333
DB00313,C0151752,0.3333
DB00762,C0151664,0.3333
DB00783,C0152030,0.3333
DB00745,C1287298,0.3333
DB01008,C0016204,0.3333
DB01267,C0553713,0.3333
DB00181,C0687713,0.3333
DB00572,C3665386,0.3333
DB00289,C0549622,0.3333
DB01224,C0085606,0.3333
DB00399,C0233763,0.3333
DB00571,C0085635,0.3333
DB00816,C0028084,0.3333
DB01181,C0149904,0.3333
DB00396,C0542008,0.3333
DB06213,C0860866,0.3333
DB00106,C0553713,0.3333
DB01153,C0085624,0.3333
DB00572,C3665347,0.3333
DB00776,C0152128,0.3333
DB01367,C0392025,0.3333
DB06684,C0235266,0.3333
DB00472,C0029261,0.3333
DB01229,C0001925,0.3333
DB00323,C0085649,0.3333
DB01006,C2939186,0.3333
DB00201,C1096543,0.3333
DB00697,C0743680,0.3333
DB01186,C0233414,0.3333
DB00745,C0340865,0.3333
DB00393,C0239571,0.3333
DB05015,C0040479,0.3333
DB00658,C0003467,0.3333
DB00939,C0332534,0.3333
DB12091,C0025061,0.3333
DB00669,C0559546,0.3333
DB00996,C0302813,0.3333
DB01275,C0151664,0.3333
DB00622,C2939147,0.3333
DB00408,C0162429,0.3333
DB00476,C0948281,0.3333
DB00897,C0233414,0.3333
DB00650,C0038826,0.3333
DB01012,C0151827,0.3333
DB01026,C0521839,0.3333
DB06215,C0542571,0.3333
DB00916,C1291078,0.3333
DB01006,C0030554,0.3333
DB00264,C0234215,0.3333
DB00597,C0236024,0.3333
DB00911,C0000729,0.3333
DB05271,C0852928,0.3333
DB00706,C0349790,0.3333
DB00747,C3665386,0.3333
DB01262,C0231807,0.3333
DB00656,C0034880,0.3333
DB00882,C0028949,0.3333
DB00338,C0236075,0.3333
DB01273,C0475858,0.3333
DB06217,C0314719,0.3333
DB00996,C0860803,0.3333
DB00678,C0730345,0.3333
DB00952,C0235266,0.3333
DB00572,C0020620,0.3333
DB01050,C0031350,0.3333
DB00724,C0020580,0.3333
DB01222,C0522063,0.3333
DB00962,C0235266,0.3333
DB00731,C0232849,0.3333
DB00814,C0599918,0.3333
DB01157,C0018524,0.3333
DB01236,C0023066,0.3333
DB09038,C0011603,0.3333
DB00669,C0020620,0.3333
DB00419,C0919671,0.3333
DB01186,C0521839,0.3333
DB00684,C3665386,0.3333
DB01189,C0855775,0.3333
DB01110,C0040034,0.3333
DB00804,C1262113,0.3333
DB00972,C0021053,0.3333
DB00181,C0030318,0.3333
DB06243,C0221232,0.3333
DB00586,C0033777,0.3333
DB01126,C2225524,0.3333
DB01590,C0264267,0.3333
DB00783,C0085606,0.3333
DB01043,C3257803,0.3333
DB00531,C0030196,0.3333
DB00528,C0426576,0.3333
DB00461,C0037011,0.3333
DB01050,C0392171,0.3333
DB01181,C0020580,0.3333
DB00490,C0020453,0.3333
DB04920,C0151971,0.3333
DB00491,C0521839,0.3333
DB01241,C0281773,0.3333
DB01165,C0234458,0.3333
DB00338,C0151828,0.3333
DB00962,C0151811,0.3333
DB01024,C0855242,0.3333
DB00495,C0020517,0.3333
DB00209,C0035455,0.3333
DB01128,C0033777,0.3333
DB00701,C0849925,0.3333
DB01242,C0086438,0.3333
DB00928,C1258215,0.3333
DB00050,C2242996,0.3333
DB01041,C0700502,0.3333
DB01215,C0021167,0.3333
DB01004,C1510410,0.3333
DB00244,C0235839,0.3333
DB00715,C0856151,0.3333
DB00864,C0004509,0.3333
DB01275,C0857177,0.3333
DB01077,C0020453,0.3333
DB00246,C0740278,0.3333
DB00962,C0278045,0.3333
DB00276,C3248383,0.3333
DB01128,C0403632,0.3333
DB00624,C0021899,0.3333
DB00788,C0030196,0.3333
DB00209,C0344232,0.3333
DB00996,C0270810,0.3333
DB00683,C0023067,0.3333
DB01024,C2242996,0.3333
DB01018,C0235710,0.3333
DB00745,C0677500,0.3333
DB00209,C0041912,0.3333
DB08883,C0013144,0.3333
DB01267,C0151752,0.3333
DB00478,C0003862,0.3333
DB01104,C0237849,0.3333
DB00980,C0541798,0.3333
DB00853,C0239571,0.3333
DB01586,C0151824,0.3333
DB01586,C0008350,0.3333
DB01077,C0020580,0.3333
DB00669,C0853813,0.3333
DB00768,C0855242,0.3333
DB01068,C0021167,0.3333
DB00316,C0267465,0.3333
DB00441,C0011606,0.3333
DB00650,C0085631,0.3333
DB00758,C0438142,0.3333
DB01029,C0239779,0.3333
DB00745,C0270327,0.3333
DB00675,C0877338,0.3333
DB06215,C0014236,0.3333
DB00654,C0022281,0.3333
DB00343,C0025061,0.3333
DB00996,C0392684,0.3333
DB00379,C0233472,0.3333
DB00531,C0302809,0.3333
DB00734,C0426576,0.3333
DB00465,C0235874,0.3333
DB01072,C0240327,0.3333
DB00598,C0028084,0.3333
DB01215,C0423006,0.3333
DB00996,C0041825,0.3333
DB06774,C0541881,0.3333
DB00996,C0239517,0.3333
DB01219,C0233472,0.3333
DB01262,C0542008,0.3333
DB00297,C0234022,0.3333
DB00448,C0015967,0.3333
DB00478,C0151827,0.3333
DB01062,C0020624,0.3333
DB00571,C0012569,0.3333
DB06700,C0151998,0.3333
DB01181,C0236075,0.3333
DB09084,C0234215,0.3333
DB00679,C0042035,0.3333
DB00649,C0151763,0.3333
DB01009,C0233523,0.3333
DB00130,C0266011,0.3333
DB01129,C0239571,0.3333
DB01216,C2584688,0.3333
DB04845,C0233471,0.3333
DB01029,C0006277,0.3333
DB00843,C0006152,0.3333
DB00715,C0428886,0.3333
DB00261,C1971624,0.3333
DB00996,C0236068,0.3333
DB00282,C0151735,0.3333
DB01242,C0277585,0.3333
DB09038,C0042109,0.3333
DB09038,C0027441,0.3333
DB00296,C0559546,0.3333
DB00642,C0235763,0.3333
DB01165,C0151599,0.3333
DB01409,C0027441,0.3333
DB01043,C0151766,0.3333
DB00996,C0151505,0.3333
DB01232,C1579838,0.3333
DB04953,C0424332,0.3333
DB00816,C1688637,0.3333
DB01115,C1258215,0.3333
DB00461,C0917799,0.3333
DB00804,C0151692,0.3333
DB00684,C0155003,0.3333
DB00404,C0023067,0.3333
DB00611,C1510410,0.3333
DB08873,C2364111,0.3333
DB00742,C0853336,0.3333
DB00758,C0040034,0.3333
DB12091,C0015397,0.3333
DB08815,C0035455,0.3333
DB00491,C0235296,0.3333
DB01182,C0151578,0.3333
DB00996,C0700184,0.3333
DB00996,C0018772,0.3333
DB00915,C0149904,0.3333
DB06204,C0742906,0.3333
DB08865,C0392025,0.3333
DB08881,C0856554,0.3333
DB00917,C0340865,0.3333
DB00996,C0233477,0.3333
DB00465,C1167779,0.3333
DB00545,C2242996,0.3333
DB00789,C0542571,0.3333
DB00996,C0013609,0.3333
DB01085,C0232492,0.3333
DB08901,C0151514,0.3333
DB00307,C0033777,0.3333
DB12403,C0236071,0.3333
DB00248,C0023067,0.3333
DB04835,C0232487,0.3333
DB01215,C0023222,0.3333
DB00465,C0392674,0.3333
DB01242,C0151578,0.3333
DB01610,C0919924,0.3333
DB00932,C0151799,0.3333
DB04485,C0018418,0.3333
DB00644,C0240521,0.3333
DB01244,C0559031,0.3333
DB00996,C0235280,0.3333
DB00175,C0022568,0.3333
DB00569,C0028734,0.3333
DB00299,C0003126,0.3333
DB00669,C0314719,0.3333
DB00361,C0340865,0.3333
DB00745,C3665473,0.3333
DB09038,C0015230,0.3333
DB01029,C0011974,0.3333
DB00264,C2937350,0.3333
DB00296,C1320835,0.3333
DB00299,C0740399,0.3333
DB01181,C0521465,0.3333
DB00740,C0015256,0.3333
DB00207,C0860864,0.3333
DB06215,C0574067,0.3333
DB06700,C0029191,0.3333
DB00425,C1536055,0.3333
DB00706,C0948873,0.3333
DB00181,C0022107,0.3333
DB00303,C0030824,0.3333
DB00291,C0750197,0.3333
DB00882,C0235270,0.3333
DB00313,C1274594,0.3333
DB04839,C1271398,0.3333
DB00412,C3665347,0.3333
DB00422,C0854121,0.3333
DB00964,C0948873,0.3333
DB01026,C0237849,0.3333
DB01558,C0233794,0.3333
DB01017,C0406484,0.3333
DB00444,C0521208,0.3333
DB00724,C0234930,0.3333
DB00213,C0233471,0.3333
DB00338,C0151602,0.3333
DB00282,C0020580,0.3333
DB06794,C0155003,0.3333
DB08910,C0497156,0.3333
DB01033,C0340865,0.3333
DB00619,C0241266,0.3333
DB00177,C0014868,0.3333
DB01198,C0553713,0.3333
DB00458,C1305875,0.3333
DB01224,C0221242,0.3333
DB00642,C1536055,0.3333
DB01011,C0232492,0.3333
DB00996,C1274926,0.3333
DB09220,C0025061,0.3333
DB00230,C0849835,0.3333
DB00494,C0234458,0.3333
DB00230,C0521839,0.3333
DB00181,C0392676,0.3333
DB00478,C0027796,0.3333
DB01236,C0574067,0.3333
DB01189,C0236075,0.3333
DB00928,C0034063,0.3333
DB00335,C0221242,0.3333
DB04868,C0520887,0.3333
DB00282,C0239150,0.3333
DB01189,C0877167,0.3333
DB01182,C0314719,0.3333
DB01215,C0522165,0.3333
DB00476,C2937350,0.3333
DB00543,C0162429,0.3333
DB00332,C0687713,0.3333
DB08896,C0018799,0.3333
DB00928,C1619702,0.3333
DB00564,C0020565,0.3333
DB00323,C0236075,0.3333
DB00425,C0037317,0.3333
DB00198,C0006325,0.3333
DB00230,C0205204,0.3333
DB00181,C0006370,0.3333
DB00323,C0028084,0.3333
DB01224,C0855775,0.3333
DB08910,C0152031,0.3333
DB01190,C0242656,0.3333
DB00887,C0032617,0.3333
DB00006,C0042023,0.3333
DB00459,C0700184,0.3333
DB00569,C0042023,0.3333
DB06287,C0853813,0.3333
DB08896,C0018802,0.3333
DB00996,C0863147,0.3333
DB00491,C0030196,0.3333
DB00531,C0234233,0.3333
DB00285,C0231919,0.3333
DB00917,C0013390,0.3333
DB00429,C0021053,0.3333
DB01181,C0151934,0.3333
DB00289,C2937350,0.3333
DB00287,C0234655,0.3333
DB01189,C0151602,0.3333
DB01413,C0151692,0.3333
DB01202,C0085649,0.3333
DB00872,C0151878,0.3333
DB01050,C0521481,0.3333
DB00783,C0032781,0.3333
DB00335,C0004331,0.3333
DB01229,C1262113,0.3333
DB00978,C0858667,0.3333
DB05294,C0151977,0.3333
DB00897,C0522165,0.3333
DB00996,C0150077,0.3333
DB00953,C0028259,0.3333
DB00360,C0023380,0.3333
DB01242,C0151576,0.3333
DB00949,C0948692,0.3333
DB00268,C0574067,0.3333
DB09220,C0863093,0.3333
DB00630,C0237849,0.3333
DB00864,C1112565,0.3333
DB00196,C0340865,0.3333
DB00251,C0241057,0.3333
DB01200,C0521839,0.3333
DB00471,C1443060,0.3333
DB00014,C0235735,0.3333
DB00586,C0151849,0.3333
DB01216,C0152031,0.3333
DB00987,C0152032,0.3333
DB00289,C0020453,0.3333
DB00334,C0021053,0.3333
DB00675,C0235807,0.3333
DB00813,C0235863,0.3333
DB00369,C0235266,0.3333
DB00203,C0263008,0.3333
DB00964,C1704272,0.3333
DB00745,C0011053,0.3333
DB00458,C0021167,0.3333
DB01101,C0746961,0.3333
DB00244,C0085661,0.3333
DB01050,C0687713,0.3333
DB01229,C0263978,0.3333
DB00398,C0030925,0.3333
DB00625,C0271899,0.3333
DB00307,C0235266,0.3333
DB00783,C0151578,0.3333
DB00190,C0234215,0.3333
DB00316,C0340865,0.3333
DB00964,C0027424,0.3333
DB00745,C0349790,0.3333
DB00887,C0234215,0.3333
DB00624,C0008925,0.3333
DB00332,C0521845,0.3333
DB00928,C0234913,0.3333
DB00495,C2711227,0.3333
DB00706,C0549622,0.3333
DB00924,C0001546,0.3333
DB04868,C1167791,0.3333
DB00590,C0403632,0.3333
DB01036,C0232492,0.3333
DB00316,C0231919,0.3333
DB00285,C0162298,0.3333
DB09220,C0151739,0.3333
DB00758,C0235140,0.3333
DB00939,C0151971,0.3333
DB00857,C0151577,0.3333
DB00911,C0232487,0.3333
DB00472,C0233477,0.3333
DB00558,C1384666,0.3333
DB00248,C1274594,0.3333
DB00996,C0852361,0.3333
DB00480,C0027145,0.3333
DB09065,C0240327,0.3333
DB00742,C0234215,0.3333
DB00573,C0013609,0.3333
DB01215,C0041912,0.3333
DB00198,C0206504,0.3333
DB00363,C0392684,0.3333
DB00654,C0234655,0.3333
DB00268,C0162429,0.3333
DB00704,C0687133,0.3333
DB00917,C0542008,0.3333
DB00996,C1510410,0.3333
DB00531,C0687713,0.3333
DB01029,C0497156,0.3333
DB00768,C0023067,0.3333
DB00770,C0269842,0.3333
DB01202,C0003621,0.3333
DB00855,C0520888,0.3333
DB00743,C2242996,0.3333
DB01029,C0036830,0.3333
DB00254,C0236053,0.3333
DB01097,C0021053,0.3333
DB00106,C0028734,0.3333
DB00843,C1167965,0.3333
DB00658,C0151505,0.3333
DB00722,C0410918,0.3333
DB00181,C0403632,0.3333
DB00996,C0236053,0.3333
DB00531,C0025322,0.3333
DB01012,C0542571,0.3333
DB01044,C0022906,0.3333
DB01268,C0020175,0.3333
DB00745,C0001925,0.3333
DB00317,C0574067,0.3333
DB06215,C0162285,0.3333
DB06243,C0282005,0.3333
DB01068,C0233795,0.3333
DB00295,C2945558,0.3333
DB01162,C0027947,0.3333
DB06202,C0520893,0.3333
DB00531,C0221201,0.3333
DB00681,C0004509,0.3333
DB01410,C0267033,0.3333
DB00582,C0021053,0.3333
DB08873,C0001339,0.3333
DB01242,C0020565,0.3333
DB01233,C0270795,0.3333
DB06202,C0853891,0.3333
DB00285,C0241379,0.3333
DB00472,C0278045,0.3333
DB00575,C0423006,0.3333
DB00906,C0085595,0.3333
DB00422,C0700590,0.3333
DB00412,C0547030,0.3333
DB00929,C0410916,0.3333
DB00296,C0151603,0.3333
DB01165,C0013144,0.3333
DB06626,C0018524,0.3333
DB00978,C0857751,0.3333
DB00633,C0574067,0.3333
DB00216,C0235266,0.3333
DB00882,C0234909,0.3333
DB04876,C0542571,0.3333
DB00586,C0852911,0.3333
DB00734,C0151752,0.3333
DB01189,C0151878,0.3333
DB01012,C0023052,0.3333
DB01628,C0023066,0.3333
DB00975,C1696701,0.3333
DB00215,C0034880,0.3333
DB00962,C0021053,0.3333
DB00783,C0314719,0.3333
DB01080,C0553713,0.3333
DB06292,C0041912,0.3333
DB00187,C0028643,0.3333
DB00252,C0021053,0.3333
DB08896,C0151744,0.3333
DB00757,C0235710,0.3333
DB00246,C0855242,0.3333
DB06698,C0340865,0.3333
DB00924,C0015734,0.3333
DB06335,C0030293,0.3333
DB00303,C0240464,0.3333
DB05013,C0476281,0.3333
DB00816,C0574067,0.3333
DB01041,C0262576,0.3333
DB00996,C0343863,0.3333
DB01255,C1443060,0.3333
DB00783,C0034359,0.3333
DB01012,C0007859,0.3333
DB00758,C0743680,0.3333
DB00958,C0232849,0.3333
DB01115,C0234215,0.3333
DB01558,C0042023,0.3333
DB00683,C0041912,0.3333
DB06626,C0016382,0.3333
DB06202,C0235266,0.3333
DB06605,C0024050,0.3333
DB00476,C0085688,0.3333
DB01186,C0522165,0.3333
DB00715,C0085693,0.3333
DB01590,C0853813,0.3333
DB00544,C1321686,0.3333
DB00268,C0687133,0.3333
DB00481,C0233471,0.3333
DB00768,C0001546,0.3333
DB09220,C0151596,0.3333
DB00833,C0860803,0.3333
DB00251,C0151689,0.3333
DB08873,C0008513,0.3333
DB00674,C0265031,0.3333
DB00808,C0600041,0.3333
DB00788,C0028084,0.3333
DB00472,C0021053,0.3333
DB00857,C0043094,0.3333
DB00789,C0151610,0.3333
DB00996,C0236075,0.3333
DB01194,C0341117,0.3333
DB00207,C0860987,0.3333
DB01275,C0234913,0.3333
DB01059,C0857751,0.3333
DB00586,C0030446,0.3333
DB00193,C0271468,0.3333
DB09220,C0392171,0.3333
DB01136,C0151609,0.3333
DB00996,C0475746,0.3333
DB00924,C0877027,0.3333
DB00745,C0021167,0.3333
DB00924,C1443060,0.3333
DB00399,C1096343,0.3333
DB12091,C0475858,0.3333
DB01082,C1384666,0.3333
DB06700,C0004690,0.3333
DB00181,C0455204,0.3333
DB00911,C0677500,0.3333
DB01590,C0004509,0.3333
DB00531,C0014356,0.3333
DB00175,C0009763,0.3333
DB00315,C0235266,0.3333
DB00244,C0028734,0.3333
DB01217,C0476280,0.3333
DB00722,C0240035,0.3333
DB00904,C0234458,0.3333
DB00361,C0853336,0.3333
DB00715,C0562057,0.3333
DB06626,C0003467,0.3333
DB00630,C0231919,0.3333
DB01249,C0232459,0.3333
DB01142,C0234215,0.3333
DB01262,C0035508,0.3333
DB00408,C0023067,0.3333
DB01157,C0085631,0.3333
DB00268,C0234022,0.3333
DB00499,C0028734,0.3333
DB00181,C1112442,0.3333
DB00293,C0332534,0.3333
DB01224,C0021167,0.3333
DB00268,C0857122,0.3333
DB11699,C0687713,0.3333
DB00878,C0687713,0.3333
DB01155,C0333472,0.3333
DB00293,C0677500,0.3333
DB01216,C0028081,0.3333
DB00501,C0917799,0.3333
DB00734,C1262113,0.3333
DB00864,C0520573,0.3333
DB00745,C0855242,0.3333
DB01189,C0856151,0.3333
DB08873,C0043094,0.3333
DB01189,C0235710,0.3333
DB01400,C0750197,0.3333
DB00788,C0232492,0.3333
DB00939,C0403632,0.3333
DB00564,C1305875,0.3333
DB00396,C0156394,0.3333
DB01262,C0221201,0.3333
DB00476,C0151752,0.3333
DB00248,C0522165,0.3333
DB04868,C0151785,0.3333
DB01255,C0020175,0.3333
DB00195,C0852928,0.3333
DB00282,C0687133,0.3333
DB01026,C0234215,0.3333
DB00996,C0151824,0.3333
DB01248,C0010930,0.3333
DB01222,C0020620,0.3333
DB00916,C0234215,0.3333
DB01128,C1443060,0.3333
DB00564,C0236171,0.3333
DB00476,C0340865,0.3333
DB00996,C0855333,0.3333
DB00287,C0029124,0.3333
DB01367,C0030196,0.3333
DB01189,C0344232,0.3333
DB01204,C0151799,0.3333
DB00580,C1291077,0.3333
DB01236,C0541772,0.3333
DB01267,C0024894,0.3333
DB00503,C0524662,0.3333
DB01182,C0541782,0.3333
DB06209,C0036830,0.3333
DB00315,C0151735,0.3333
DB00658,C0392025,0.3333
DB01194,C0010043,0.3333
DB00996,C0236151,0.3333
DB00580,C0016514,0.3333
DB00669,C0231919,0.3333
DB01181,C0023223,0.3333
DB00949,C1287298,0.3333
DB08875,C0006370,0.3333
DB06698,C0235318,0.3333
DB00978,C0860901,0.3333
DB00999,C0003862,0.3333
DB01006,C0234632,0.3333
DB00684,C0235969,0.3333
DB01136,C0687133,0.3333
DB01059,C0860901,0.3333
DB08910,C0542571,0.3333
DB01126,C0497156,0.3333
DB00700,C0239981,0.3333
DB00675,C0002447,0.3333
DB00285,C0435001,0.3333
DB01216,C0497156,0.3333
DB11180,C0030196,0.3333
DB00459,C0235744,0.3333
DB01196,C0877237,0.3333
DB00461,C0232492,0.3333
DB01217,C1443060,0.3333
DB00675,C1696704,0.3333
DB00476,C0016034,0.3333
DB00745,C0155428,0.3333
DB01006,C0232459,0.3333
DB00585,C0232493,0.3333
DB00207,C0860866,0.3333
DB00481,C0542571,0.3333
DB00997,C0860594,0.3333
DB00590,C0027947,0.3333
DB00904,C0028084,0.3333
DB00949,C0004626,0.3333
DB08916,C0028734,0.3333
DB00975,C0232208,0.3333
DB00851,C0151936,0.3333
DB00184,C0020580,0.3333
DB00465,C0853813,0.3333
DB01101,C0281981,0.3333
DB00564,C0423602,0.3333
DB00531,C1258215,0.3333
DB01238,C0028084,0.3333
DB00480,C0497156,0.3333
DB06698,C0085631,0.3333
DB00788,C0151821,0.3333
DB08873,C0080274,0.3333
DB00426,C0740399,0.3333
DB06402,C0205204,0.3333
DB00586,C0037672,0.3333
DB00181,C0234215,0.3333
DB00193,C0151692,0.3333
DB01275,C0151908,0.3333
DB01255,C0687713,0.3333
DB01041,C0152031,0.3333
DB00404,C0152032,0.3333
DB00367,C0021167,0.3333
DB00571,C0344232,0.3333
DB00658,C0030446,0.3333
DB01215,C0235351,0.3333
DB00962,C0542184,0.3333
DB00275,C0027424,0.3333
DB00537,C0858667,0.3333
DB00346,C0027947,0.3333
DB00358,C0855775,0.3333
DB06626,C0017178,0.3333
DB00006,C0028734,0.3333
DB00448,C0015672,0.3333
DB00461,C0030196,0.3333
DB00996,C0855775,0.3333
DB01026,C0027947,0.3333
DB00715,C0520893,0.3333
DB00246,C0027441,0.3333
DB01189,C0087169,0.3333
DB00964,C0520837,0.3333
DB00539,C0042907,0.3333
DB00543,C0004093,0.3333
DB01142,C0424823,0.3333
DB00882,C0574067,0.3333
DB06212,C0473117,0.3333
DB00491,C0232492,0.3333
DB00484,C0151785,0.3333
DB06216,C0231303,0.3333
DB01149,C1384666,0.3333
DB00787,C0948692,0.3333
DB01101,C0028841,0.3333
DB00181,C2267227,0.3333
DB00573,C1720798,0.3333
DB00768,C0677500,0.3333
DB00484,C0151799,0.3333
DB01062,C0392684,0.3333
DB00188,C0018772,0.3333
DB00679,C0151474,0.3333
DB00950,C0235266,0.3333
DB01039,C0007398,0.3333
DB00335,C0239376,0.3333
DB00624,C0236068,0.3333
DB01181,C0014335,0.3333
DB00273,C0010032,0.3333
DB00597,C0085624,0.3333
DB00630,C0151514,0.3333
DB01050,C0521839,0.3333
DB01255,C0028084,0.3333
DB00911,C0233528,0.3333
DB06292,C0042109,0.3333
DB00564,C0007370,0.3333
DB00476,C0001925,0.3333
DB00906,C0392699,0.3333
DB00332,C0314719,0.3333
DB01082,C0232462,0.3333
DB00658,C0018524,0.3333
DB06702,C0687713,0.3333
DB00313,C0016034,0.3333
DB00855,C0152030,0.3333
DB01275,C1258215,0.3333
DB01012,C0151610,0.3333
DB00408,C0232462,0.3333
DB00282,C0020453,0.3333
DB00764,C0240557,0.3333
DB00724,C0006852,0.3333
DB00558,C0011053,0.3333
DB00996,C0271453,0.3333
DB01073,C1619702,0.3333
DB08897,C0041912,0.3333
DB01217,C0392699,0.3333
DB00246,C0549622,0.3333
DB01241,C0151596,0.3333
DB00565,C0855333,0.3333
DB01212,C1325847,0.3333
DB00503,C0240327,0.3333
DB08901,C0237849,0.3333
DB00770,C0162311,0.3333
DB00620,C0542101,0.3333
DB00282,C0344232,0.3333
DB00749,C0392684,0.3333
DB00871,C0028084,0.3333
DB01073,C0080274,0.3333
DB00571,C0235266,0.3333
DB06209,C0027947,0.3333
DB01242,C0231303,0.3333
DB00758,C0151907,0.3333
DB06711,C1096116,0.3333
DB00745,C0085606,0.3333
DB01162,C3665386,0.3214
DB01215,C0338831,0.3214
DB05294,C3665386,0.3214
DB01162,C3665347,0.3214
DB00457,C3665386,0.3214
DB05294,C3665347,0.3214
DB01215,C0859023,0.3214
DB01215,C3248383,0.3214
DB00457,C3665347,0.3214
DB01098,C0232487,0.3056
DB00439,C0232487,0.3056
DB01062,C0023067,0.3056
DB01098,C0232492,0.3056
DB01095,C0030196,0.3056
DB00967,C0917801,0.3056
DB00455,C2830004,0.3056
DB08860,C0003862,0.3056
DB04868,C0026821,0.3056
DB00285,C0027441,0.3056
DB00619,C0281778,0.3056
DB01095,C0232487,0.3056
DB00934,C0015371,0.3056
DB00986,C0152517,0.3056
DB00285,C0041912,0.3056
DB00439,C0232492,0.3056
DB00285,C0152517,0.3056
DB00967,C0027769,0.3056
DB00986,C0023067,0.3056
DB00967,C0233494,0.3056
DB00285,C0035455,0.3056
DB01098,C0030196,0.3056
DB04868,C0035410,0.3056
DB00455,C0015371,0.3056
DB08860,C0232492,0.3056
DB00455,C0917801,0.3056
DB00843,C0020438,0.3
DB00656,C0042023,0.3
DB01001,C0232191,0.3
DB00367,C0269268,0.3
DB06589,C0020458,0.3
DB00983,C0006325,0.3
DB00787,C0340865,0.3
DB00624,C0853959,0.3
DB00373,C0746883,0.3
DB00783,C2607914,0.3
DB01083,C1384666,0.3
DB01179,C0151736,0.3
DB00250,C0011603,0.3
DB01186,C0236065,0.3
DB00996,C0003621,0.3
DB00285,C0235283,0.3
DB00346,C0850638,0.3
DB08896,C0242350,0.3
DB00674,C0233754,0.3
DB00458,C1291078,0.3
DB00783,C0021053,0.3
DB00916,C0020621,0.3
DB06209,C0232492,0.3
DB01254,C0700361,0.3
DB00210,C0497156,0.3
DB00404,C0031350,0.3
DB00684,C0234925,0.3
DB00299,C0239134,0.3
DB00313,C1510472,0.3
DB06287,C0860803,0.3
DB00905,C0235807,0.3
DB01041,C0854113,0.3
DB00323,C0852879,0.3
DB00873,C0520893,0.3
DB00412,C0030196,0.3
DB00963,C0860803,0.3
DB01590,C0700572,0.3
DB00582,C1720798,0.3
DB00216,C0241513,0.3
DB01204,C0022281,0.3
DB04855,C0745754,0.3
DB00294,C1322253,0.3
DB08815,C0040034,0.3
DB13867,C0521839,0.3
DB00872,C0232849,0.3
DB00783,C2939147,0.3
DB01590,C0392197,0.3
DB00465,C1096343,0.3
DB01186,C1971624,0.3
DB00597,C0018802,0.3
DB00332,C0037195,0.3
DB00990,C1322253,0.3
DB00211,C0235351,0.3
DB01165,C0152030,0.3
DB01219,C0151825,0.3
DB01190,C0009377,0.3
DB00201,C0014518,0.3
DB00313,C0151598,0.3
DB01219,C0013456,0.3
DB00268,C0151752,0.3
DB06209,C0687713,0.3
DB00656,C0085606,0.3
DB00299,C0150077,0.3
DB00996,C0024050,0.3
DB00472,C0541941,0.3
DB00317,C0392171,0.3
DB06626,C0687707,0.3
DB05294,C0549475,0.3
DB00983,C0235984,0.3
DB00684,C0562057,0.3
DB00413,C0086525,0.3
DB00983,C0541798,0.3
DB00412,C0232492,0.3
DB00564,C0235351,0.3
DB00742,C0687713,0.3
DB01062,C0700184,0.3
DB00323,C0403632,0.3
DB00481,C0028734,0.3
DB01590,C0700363,0.3
DB01233,C0426636,0.3
DB00297,C0344232,0.3
DB00341,C0003862,0.3
DB00404,C0040136,0.3
DB00404,C0040137,0.3
DB01194,C0027092,0.3
DB00675,C0546956,0.3
DB01400,C0028084,0.3
DB00611,C0233762,0.3
DB00996,C0497201,0.3
DB11750,C0423602,0.3
DB08873,C2981158,0.3
DB00396,C0476280,0.3
DB00747,C0740304,0.3
DB00244,C0520901,0.3
DB00804,C0003621,0.3
DB00492,C0476281,0.3
DB00244,C0016514,0.3
DB01229,C0003834,0.3
DB00520,C0041912,0.3
DB00834,C0566951,0.3
DB00246,C0024894,0.3
DB00367,C0235339,0.3
DB00246,C0149745,0.3
DB00367,C0235324,0.3
DB09156,C0030196,0.3
DB00480,C1266194,0.3
DB01004,C0151505,0.3
DB01249,C0155320,0.3
DB01216,C0521839,0.3
DB01080,C0392025,0.3
DB06202,C0086543,0.3
DB08947,C0426636,0.3
DB00472,C0730362,0.3
DB00569,C0151810,0.3
DB00997,C0003834,0.3
DB00341,C0026858,0.3
DB01029,C2981158,0.3
DB00590,C0850638,0.3
DB00998,C0392025,0.3
DB01129,C0023222,0.3
DB00211,C0863093,0.3
DB00583,C0234543,0.3
DB00795,C0549475,0.3
DB00684,C0237849,0.3
DB00104,C1971624,0.3
DB06626,C0033246,0.3
DB00899,C0027947,0.3
DB01202,C0037317,0.3
DB06809,C0231528,0.3
DB01204,C0235874,0.3
DB00864,C0497365,0.3
DB00343,C0151664,0.3
DB00106,C0023066,0.3
DB00963,C0860866,0.3
DB00469,C0392025,0.3
DB00216,C0236065,0.3
DB00285,C0233477,0.3
DB08815,C0232459,0.3
DB00602,C0236075,0.3
DB00268,C0235660,0.3
DB00539,C0546956,0.3
DB00669,C0236068,0.3
DB00995,C0151827,0.3
DB00597,C0232487,0.3
DB00669,C0236075,0.3
DB00287,C0702163,0.3
DB01248,C0392025,0.3
DB00597,C0235309,0.3
DB01204,C0012569,0.3
DB06589,C0747102,0.3
DB01050,C0542571,0.3
DB00918,C0232933,0.3
DB00425,C0549373,0.3
DB01186,C0241513,0.3
DB08873,C1282799,0.3
DB00246,C0042029,0.3
DB00715,C0392163,0.3
DB00704,C0233471,0.3
DB01202,C0278134,0.3
DB01215,C0020514,0.3
DB01610,C0750857,0.3
DB00220,C0040034,0.3
DB06202,C0027813,0.3
DB00900,C0020523,0.3
DB12091,C0085594,0.3
DB08896,C0006145,0.3
DB01242,C1291078,0.3
DB00490,C2225524,0.3
DB00590,C0857027,0.3
DB00458,C1096272,0.3
DB00175,C0029877,0.3
DB01083,C0011053,0.3
DB00601,C0267792,0.3
DB01610,C0151505,0.3
DB00929,C0541941,0.3
DB00492,C0520966,0.3
DB00230,C0687133,0.3
DB00207,C0577115,0.3
DB00869,C0085636,0.3
DB00296,C0027947,0.3
DB00246,C0038367,0.3
DB00986,C0037195,0.3
DB00542,C0040034,0.3
DB00492,C0004134,0.3
DB06207,C0011124,0.3
DB01080,C0522063,0.3
DB00783,C0858833,0.3
DB00337,C0162311,0.3
DB01268,C0151603,0.3
DB01083,C0151596,0.3
DB00193,C0020453,0.3
DB01050,C0497156,0.3
DB00758,C0030196,0.3
DB00564,C1290864,0.3
DB00541,C1257843,0.3
DB01080,C0016204,0.3
DB08889,C0023066,0.3
DB00492,C0237849,0.3
DB00601,C0008370,0.3
DB00834,C0521845,0.3
DB00747,C0521839,0.3
DB00612,C0221100,0.3
DB00481,C0005683,0.3
DB01118,C0042267,0.3
DB06202,C0577730,0.3
DB00472,C0024437,0.3
DB00201,C0151907,0.3
DB05294,C0549356,0.3
DB00953,C0232933,0.3
DB00869,C0022107,0.3
DB01249,C0344232,0.3
DB01118,C0160390,0.3
DB00291,C0273482,0.3
DB00790,C0149725,0.3
DB00332,C1112366,0.3
DB00177,C0232203,0.3
DB06202,C0235025,0.3
DB01118,C0152159,0.3
DB06663,C0855333,0.3
DB00813,C0549418,0.3
DB00569,C0877042,0.3
DB00583,C0858603,0.3
DB00338,C0151827,0.3
DB00580,C0007859,0.3
DB00316,C0028084,0.3
DB00419,C0020517,0.3
DB00413,C0009946,0.3
DB09156,C0007859,0.3
DB00346,C1275515,0.3
DB05294,C0521839,0.3
DB00419,C0014742,0.3
DB00422,C0424741,0.3
DB00758,C0476281,0.3
DB00380,C0428977,0.3
DB00231,C0239375,0.3
DB00531,C0036104,0.3
DB06287,C0856882,0.3
DB01250,C0241254,0.3
DB00481,C0522063,0.3
DB00855,C0549622,0.3
DB00317,C0151571,0.3
DB00518,C0858635,0.3
DB00519,C0149725,0.3
DB01229,C0521616,0.3
DB04855,C0149904,0.3
DB00410,C0700572,0.3
DB00722,C0917799,0.3
DB00130,C0013390,0.3
DB00813,C0475858,0.3
DB01211,C0577115,0.3
DB01242,C1096272,0.3
DB00268,C0023532,0.3
DB00722,C0012569,0.3
DB01026,C1527358,0.3
DB00476,C0020624,0.3
DB01254,C0231303,0.3
DB06209,C0003862,0.3
DB00580,C0030196,0.3
DB00916,C0020461,0.3
DB00328,C0037301,0.3
DB09156,C0036454,0.3
DB01204,C0085077,0.3
DB01244,C0234215,0.3
DB00658,C0237849,0.3
DB00789,C0040034,0.3
DB04835,C0232462,0.3
DB00624,C1291077,0.3
DB00178,C0041912,0.3
DB00244,C0012569,0.3
DB00246,C0027947,0.3
DB00218,C0152030,0.3
DB00106,C0917799,0.3
DB00855,C0020458,0.3
DB00193,C0340865,0.3
DB00674,C0426636,0.3
DB00323,C0854388,0.3
DB00495,C0021167,0.3
DB00611,C0233763,0.3
DB00783,C0233477,0.3
DB00346,C0857027,0.3
DB00624,C0262397,0.3
DB01088,C0541941,0.3
DB00795,C0151849,0.3
DB00250,C0015230,0.3
DB01215,C0036104,0.3
DB00481,C0235710,0.3
DB06207,C0392171,0.3
DB00398,C0853225,0.3
DB00297,C0151505,0.3
DB01149,C0080274,0.3
DB00361,C1096343,0.3
DB00268,C0236065,0.3
DB00425,C0858635,0.3
DB00200,C0151735,0.3
DB00560,C0009377,0.3
DB00843,C0595930,0.3
DB00380,C0600125,0.3
DB08947,C0037011,0.3
DB00442,C0020523,0.3
DB01268,C0235437,0.3
DB06756,C0000729,0.3
DB08864,C0151578,0.3
DB00268,C0037317,0.3
DB01220,C0021167,0.3
DB00268,C0151205,0.3
DB01222,C0599918,0.3
DB00518,C0549373,0.3
DB00770,C0151849,0.3
DB01181,C0027540,0.3
DB00864,C0162311,0.3
DB06228,C0151766,0.3
DB00323,C0441713,0.3
DB06209,C0221512,0.3
DB00900,C0020598,0.3
DB00317,C0010043,0.3
DB01189,C0438142,0.3
DB00358,C0043094,0.3
DB00177,C0549386,0.3
DB00287,C0232409,0.3
DB00996,C0162835,0.3
DB00681,C0562057,0.3
DB00323,C0344232,0.3
DB00997,C0233471,0.3
DB00987,C0042023,0.3
DB00864,C0856150,0.3
DB06700,C0424741,0.3
DB00997,C0521616,0.3
DB01234,C0520893,0.3
DB01250,C0239571,0.3
DB00900,C0085682,0.3
DB06616,C0151578,0.3
DB00489,C0015256,0.3
DB06215,C0812387,0.3
DB06401,C0037301,0.3
DB00813,C0040034,0.3
DB00210,C0085649,0.3
DB00346,C0409497,0.3
DB00558,C0013144,0.3
DB00995,C0558489,0.3
DB00983,C0392025,0.3
DB00396,C0232492,0.3
DB08947,C0948484,0.3
DB00289,C0151849,0.3
DB00480,C0152267,0.3
DB00949,C0085649,0.3
DB00476,C0541941,0.3
DB08815,C0740425,0.3
DB00104,C0151736,0.3
DB00783,C1112274,0.3
DB00396,C0269268,0.3
DB01544,C0239375,0.3
DB00246,C0234632,0.2909
DB08893,C0036454,0.2909
DB08893,C0234632,0.2909
DB08893,C0547030,0.2909
DB08893,C3665386,0.2909
DB08893,C0085636,0.2909
DB08893,C3665347,0.2909
DB08893,C0012569,0.2909
DB00472,C0852733,0.2889
DB00234,C0242151,0.2889
DB00234,C0233472,0.2889
DB00234,C0852733,0.2889
DB00669,C0236024,0.2889
DB00289,C0233528,0.2889
DB00216,C0236024,0.2889
DB00289,C0242151,0.2889
DB00669,C0023052,0.2889
DB00234,C0233528,0.2889
DB00476,C0233528,0.2889
DB00953,C0085649,0.2889
DB00953,C0023052,0.2889
DB00669,C0542571,0.2889
DB00476,C0242151,0.2889
DB00669,C0151610,0.2889
DB00234,C1443060,0.2889
DB00289,C1443060,0.2889
DB00669,C0085649,0.2889
DB00953,C0497156,0.2889
DB00216,C0023052,0.2889
DB00315,C0236024,0.2889
DB00675,C1306341,0.2857
DB00683,C0003123,0.2857
DB00697,C0234632,0.2857
DB04868,C1274594,0.2857
DB00213,C0037763,0.2857
DB00887,C0000729,0.2857
DB00996,C0700361,0.2857
DB00006,C1527344,0.2857
DB00476,C0151610,0.2857
DB00285,C0028084,0.2857
DB00788,C0034880,0.2857
DB00915,C0042029,0.2857
DB00969,C2939147,0.2857
DB00697,C3665347,0.2857
DB00932,C0085649,0.2857
DB00881,C0003862,0.2857
DB01167,C0151578,0.2857
DB00788,C0260662,0.2857
DB00698,C0042963,0.2857
DB01229,C0151578,0.2857
DB00408,C0003123,0.2857
DB00569,C0852733,0.2857
DB00404,C0028961,0.2857
DB00904,C1142335,0.2857
DB01217,C0037274,0.2857
DB01217,C0004936,0.2857
DB00869,C0030193,0.2857
DB00736,C0037763,0.2857
DB05271,C0013144,0.2857
DB01012,C0011606,0.2857
DB00736,C0231530,0.2857
DB00193,C0034880,0.2857
DB00932,C0542571,0.2857
DB00401,C0025061,0.2857
DB00196,C0024225,0.2857
DB00656,C0028077,0.2857
DB00543,C0032227,0.2857
DB00904,C0522245,0.2857
DB00295,C0234458,0.2857
DB00569,C0853193,0.2857
DB00472,C0236024,0.2857
DB00476,C0086132,0.2857
DB00938,C0020458,0.2857
DB01012,C0162830,0.2857
DB00396,C0241832,0.2857
DB00869,C0027497,0.2857
DB08916,C0017675,0.2857
DB00619,C2586050,0.2857
DB00196,C0151610,0.2857
DB01001,C0023066,0.2857
DB00246,C0042023,0.2857
DB08864,C1527311,0.2857
DB00683,C0231218,0.2857
DB00915,C0040034,0.2857
DB00996,C1321686,0.2857
DB00213,C0231530,0.2857
DB00214,C0030193,0.2857
DB00313,C1321686,0.2857
DB00918,C0677500,0.2857
DB00193,C0260662,0.2857
DB01215,C0241705,0.2857
DB01006,C0038325,0.2857
DB00494,C0080274,0.2857
DB00285,C1384666,0.2857
DB00669,C1384666,0.2857
DB00569,C0233472,0.2857
DB00472,C0025061,0.2857
DB00476,C0344315,0.2857
DB00624,C0549249,0.2857
DB00224,C0855242,0.2857
DB00196,C0497156,0.2857
DB08916,C2364111,0.2857
DB06700,C0037317,0.2857
DB04855,C0042510,0.2857
DB04868,C0006114,0.2857
DB00543,C0038990,0.2857
DB00196,C0085649,0.2857
DB01215,C0151828,0.2857
DB00404,C0085606,0.2857
DB00193,C0006325,0.2857
DB01006,C0085633,0.2857
DB05294,C0017675,0.2857
DB00248,C0011053,0.2857
DB04855,C0151878,0.2857
DB00611,C0028084,0.2857
DB00611,C0694563,0.2857
DB00681,C0542571,0.2857
DB05294,C1971624,0.2857
DB00404,C0028734,0.2857
DB08873,C0233494,0.2857
DB01181,C0028949,0.2857
DB00622,C0025061,0.2857
DB01202,C0085584,0.2857
DB00338,C0035410,0.2857
DB00006,C0233414,0.2857
DB01115,C0542571,0.2857
DB01259,C1971624,0.2857
DB01149,C0547030,0.2857
DB01217,C0014518,0.2857
DB00661,C0036973,0.2857
DB01263,C0151578,0.2857
DB00285,C1291077,0.2857
DB01219,C0016204,0.2857
DB00683,C0038990,0.2857
DB00472,C0424000,0.2857
DB00938,C0026826,0.2857
DB00216,C0677500,0.2857
DB01217,C0233794,0.2857
DB00569,C0855242,0.2857
DB01120,C0030193,0.2857
DB00978,C0040034,0.2857
DB08867,C2830004,0.2857
DB01043,C0022568,0.2857
DB00476,C0424000,0.2857
DB00396,C0152169,0.2857
DB00904,C1096250,0.2857
DB00783,C0151474,0.2857
DB01149,C0344232,0.2857
DB01149,C3665347,0.2857
DB04855,C0541782,0.2857
DB08867,C0030193,0.2857
DB08873,C0021364,0.2857
DB00408,C0032227,0.2857
DB01059,C0162834,0.2857
DB00697,C0085636,0.2857
DB01083,C0542571,0.2857
DB00401,C0542571,0.2857
DB00666,C1443060,0.2857
DB00246,C0042035,0.2857
DB08867,C0004604,0.2857
DB01590,C0542571,0.2857
DB04868,C0151740,0.2857
DB00683,C0085593,0.2857
DB01129,C0037763,0.2857
DB00843,C0151474,0.2857
DB08916,C1112565,0.2857
DB00295,C0694563,0.2857
DB00698,C0016382,0.2857
DB00264,C0034880,0.2857
DB01059,C0020437,0.2857
DB01248,C0151578,0.2857
DB00915,C0013182,0.2857
DB00285,C0260662,0.2857
DB00006,C0085584,0.2857
DB00783,C0233565,0.2857
DB00295,C0028084,0.2857
DB00230,C0700361,0.2857
DB00514,C0036973,0.2857
DB01202,C1527344,0.2857
DB04868,C0748536,0.2857
DB01216,C1704202,0.2857
DB01012,C0013595,0.2857
DB00996,C0027796,0.2857
DB00624,C0085628,0.2857
DB08864,C0151740,0.2857
DB00268,C0028961,0.2857
DB00869,C0018681,0.2857
DB00531,C0006145,0.2857
DB01217,C0002170,0.2857
DB00715,C1112565,0.2857
DB00675,C0033975,0.2857
DB00545,C0003862,0.2857
DB00315,C0677500,0.2857
DB00285,C0036973,0.2857
DB01215,C0003123,0.2857
DB00472,C0086132,0.2857
DB00396,C1619712,0.2857
DB01012,C0085932,0.2857
DB00285,C0232292,0.2857
DB00661,C0232292,0.2857
DB00887,C0034886,0.2857
DB06700,C0028084,0.2857
DB00396,C0558489,0.2857
DB00396,C0007785,0.2857
DB06700,C0006325,0.2857
DB00736,C0035410,0.2857
DB00472,C0344315,0.2857
DB05294,C2364111,0.2857
DB06825,C1443060,0.2857
DB00514,C0232292,0.2857
DB00248,C0013144,0.2857
DB00408,C0038990,0.2857
DB00881,C0007859,0.2857
DB01118,C0004239,0.2857
DB00214,C0027796,0.2857
DB00978,C0027947,0.2857
DB01186,C1384666,0.2857
DB00404,C0151828,0.2857
DB00543,C0013404,0.2857
DB00964,C0036454,0.2857
DB00338,C0231530,0.2857
DB00313,C0281981,0.2857
DB00193,C1384666,0.2857
DB00749,C0232462,0.2857
DB00666,C0855242,0.2857
DB00843,C0233565,0.2857
DB08864,C0006114,0.2857
DB01058,C0003862,0.2857
DB00619,C0919671,0.2857
DB00224,C0233472,0.2857
DB00224,C0007859,0.2857
DB00476,C0023052,0.2857
DB01216,C0019348,0.2857
DB00193,C0234458,0.2857
DB00749,C1384666,0.2857
DB01181,C0027441,0.2857
DB00494,C0042035,0.2857
DB00869,C0027765,0.2857
DB00528,C0542571,0.2857
DB00494,C0028961,0.2857
DB08916,C1971624,0.2857
DB00978,C0020437,0.2857
DB00494,C0032617,0.2857
DB00520,C0233472,0.2857
DB00520,C0855242,0.2857
DB00783,C0004134,0.2857
DB00882,C0011570,0.2857
DB00248,C1384666,0.2857
DB01058,C0007859,0.2857
DB06616,C1971624,0.2857
DB00248,C0234458,0.2857
DB00193,C0855242,0.2778
DB00776,C0080274,0.2778
DB00564,C0032617,0.2778
DB00502,C0013985,0.2778
DB00776,C0032617,0.2778
DB00502,C0233472,0.2778
DB01006,C0031350,0.2778
DB00938,C0009763,0.2778
DB00472,C0233407,0.2778
DB00289,C0233407,0.2778
DB01217,C0042023,0.2778
DB06589,C0011581,0.2778
DB00938,C0029882,0.2778
DB00476,C0151611,0.2778
DB06717,C0235032,0.2778
DB00571,C0027769,0.2778
DB00193,C0233528,0.2778
DB00776,C0042035,0.2778
DB01136,C0027769,0.2778
DB00234,C0233414,0.2778
DB00564,C0042035,0.2778
DB00776,C0028961,0.2778
DB00458,C0042023,0.2778
DB04485,C0038990,0.2778
DB00289,C0151611,0.2778
DB00502,C0855242,0.2778
DB01136,C0085631,0.2778
DB00938,C0019825,0.2778
DB00960,C2830004,0.2778
DB08864,C0013378,0.2778
DB04485,C0003123,0.2778
DB00289,C0233494,0.2778
DB00289,C0233414,0.2778
DB01006,C0006277,0.2778
DB00472,C0233414,0.2778
DB00571,C0233494,0.2778
DB06589,C0011570,0.2778
DB00502,C0233528,0.2778
DB00234,C0233407,0.2778
DB06717,C0027765,0.2778
DB00502,C0853193,0.2778
DB00458,C0032617,0.2778
DB01136,C0233494,0.2778
DB00458,C0028961,0.2778
DB00715,C0013985,0.2778
DB01006,C0476089,0.2778
DB04485,C0085593,0.2778
DB06589,C0917801,0.2778
DB00960,C0085631,0.2778
DB00495,C0151905,0.2778
DB00234,C0151611,0.2778
